feature,importance
Fare,0.2617849131296708
Age,0.26000021654157474
Female,0.13936501212861946
Male,0.13650510418639633
Passenger Class,0.08684313622786494
Siblings / Spouse,0.044808231857687925
Parents / Children,0.0374616626071576
France,0.01606485195174177
England,0.011094035677378844
Ireland,0.006072835691907651
