Participant ID,Sex,Embarked,Passenger Class,Age,Siblings / Spouse,Parents / Children,Fare
01,10.714285714285714,0.0,14.285714285714286,14.285714285714286,0.0,0.0,10.714285714285714
02,13.142857142857142,3.5714285714285716,8.142857142857142,10.857142857142858,7.142857142857143,9.0,11.142857142857142
03,0.7142857142857143,4.285714285714286,12.857142857142858,7.142857142857143,8.571428571428571,8.571428571428571,12.857142857142858
04,2.4285714285714284,3.4285714285714284,11.142857142857142,11.428571428571429,4.714285714285714,6.285714285714286,10.285714285714286
05,8.285714285714286,12.0,10.0,4.285714285714286,4.714285714285714,9.571428571428571,14.285714285714286
