Participant ID,Sex,Embarked,Passenger Class,Age,Siblings / Spouse,Parents / Children,Fare
,8.571428571428571,2.142857142857143,13.571428571428571,12.857142857142858,0.0,0.0,12.857142857142858
03,8.571428571428571,5.714285714285714,12.857142857142858,10.714285714285714,7.857142857142857,7.857142857142857,12.857142857142858
08,11.428571428571429,7.142857142857143,11.428571428571429,11.428571428571429,4.285714285714286,10.0,8.571428571428571
10,11.571428571428571,2.0,10.0,11.571428571428571,4.571428571428571,4.142857142857143,11.285714285714286
11,7.142857142857143,2.857142857142857,11.428571428571429,11.428571428571429,3.5714285714285716,5.0,9.285714285714286
