Participant ID,Sex,Embarked,Passenger Class,Age,Siblings / Spouse,Parents / Children,Fare
01,10.714285714285714,0.0,12.857142857142858,12.857142857142858,0.0,0.0,11.428571428571429
02,4.857142857142857,2.4285714285714284,11.428571428571429,5.571428571428571,8.714285714285714,11.142857142857142,10.142857142857142
04,8.0,8.857142857142858,10.285714285714286,5.285714285714286,1.7142857142857142,9.0,9.0
06,7.142857142857143,0.0,11.285714285714286,14.285714285714286,10.571428571428571,14.285714285714286,10.571428571428571
08,10.0,7.142857142857143,10.0,2.857142857142857,8.571428571428571,10.0,11.428571428571429
10,13.428571428571429,2.7142857142857144,9.0,10.857142857142858,3.142857142857143,8.285714285714286,10.857142857142858
11,9.285714285714286,4.285714285714286,8.571428571428571,10.714285714285714,8.571428571428571,5.714285714285714,5.714285714285714
