Participant ID,Sex,Embarked,Passenger Class,Age,Siblings / Spouse,Parents / Children,Fare
01,8.571428571428571,2.142857142857143,13.0,12.0,1.8571428571428572,2.0,12.857142857142858
02,7.142857142857143,7.142857142857143,7.142857142857143,7.142857142857143,7.142857142857143,7.142857142857143,7.142857142857143
04,2.4285714285714284,10.0,8.857142857142858,8.571428571428571,2.857142857142857,1.7142857142857142,10.428571428571429
05,9.285714285714286,8.285714285714286,12.571428571428571,8.571428571428571,5.428571428571429,3.7142857142857144,10.285714285714286
08,10.0,3.7142857142857144,8.571428571428571,11.428571428571429,4.285714285714286,7.142857142857143,5.714285714285714
10,11.571428571428571,2.0,10.0,11.571428571428571,4.571428571428571,4.142857142857143,11.285714285714286
11,9.428571428571429,8.0,11.428571428571429,10.142857142857142,7.714285714285714,7.142857142857143,5.142857142857143
